Timestamp,Who scored Arsenal's first goal?,Leno,Lichtsteiner,Mustafi,Holding,Beller√≠n üÖêüÖê,Torreira,Xhaka ,Mkhitaryan,Iwobi,√ñzil ‚öΩÔ∏èüÖê,Lacazette,Man of the Match,Referee Chris Kavanagh,Aubameyang ‚öΩÔ∏è‚öΩÔ∏è (on at 60'),Guendouzi (on at 60'),Ramsey (on at 80')
10/22/2018 14:51:40,√ñzil,6,6,6,6,6,6,6,6,6,6,6,,6,6,6,6
10/22/2018 15:52:29,√ñzil,7,6,5,6,8,8,7,5,8,10,4,√ñzil,3,9,7,4
10/22/2018 15:52:37,√ñzil,8,6,8,7,8,8,7,7,10,10,8,√ñzil,6,10,7,6
10/22/2018 15:52:57,√ñzil,7,6,8,7,7,10,8,6,9,10,8,√ñzil,6,8,9,6
10/22/2018 15:53:00,√ñzil,9,5,8,8,9,9,8,6,6,10,6,√ñzil,4,9,7,
10/22/2018 15:53:04,√ñzil,8,4,6,6,6,8,7,5,7,10,7,√ñzil,4,9,6,3
10/22/2018 15:53:05,√ñzil,8,6,7,6,8,10,8,7,9,10,8,√ñzil,3,9,7,5
10/22/2018 15:53:12,√ñzil,,,,,8,,,,,10,,√ñzil,,9,,
10/22/2018 15:53:15,√ñzil,8,6,6,6,7,8,6,7,8,10,8,√ñzil,7,9,7,6
10/22/2018 15:53:18,√ñzil,10,8,8,8,9,9,9,7,10,10,9,√ñzil,6,10,8,8
10/22/2018 15:53:27,√ñzil,7,7,7,6,9,8,8,7,9,10,8,√ñzil,7,9,8,7
10/22/2018 15:53:30,√ñzil,7,6,6,6,7,6,7,6,7,9,6,√ñzil,5,8,7,6
10/22/2018 15:53:34,√ñzil,8,6,6,7,8,9,7,6,8,9,7,√ñzil,5,9,7,5
10/22/2018 15:53:34,√ñzil,8,7,8,7,7,9,8,7,9,10,8,√ñzil,8,10,8,7
10/22/2018 15:53:38,√ñzil,8,7,7,7,9,9,8,7,10,10,8,√ñzil,7,9,7,6
10/22/2018 15:53:38,√ñzil,9,8,8,8,9,9,8,8,9,10,6,√ñzil,8,8,7,5
10/22/2018 15:53:41,√ñzil,9,6,7,5,8,8,8,7,9,10,7,√ñzil,5,9,8,7
10/22/2018 15:53:41,√ñzil,6,4,1,4,8,4,6,4,6,10,7,√ñzil,10,9,5,3
10/22/2018 15:53:44,√ñzil,7,5,6,6,8,7,7,7,8,9,8,√ñzil,6,8,7,6
10/22/2018 15:53:47,√ñzil,8,6,5,4,7,8,7,6,8,10,6,√ñzil,7,7,7,6
10/22/2018 15:53:48,√ñzil,9,7,6,7,8,8,8,8,9,10,8,√ñzil,5,10,8,7
10/22/2018 15:53:54,√ñzil,8,7,8,6,9,8,7,6,8,10,6,√ñzil,6,9,7,7
10/22/2018 15:53:54,√ñzil,7,7,6,6,8,9,8,6,9,10,6,√ñzil,0,10,7,6
10/22/2018 15:53:56,√ñzil,10,10,10,10,10,10,10,10,10,10,10,√ñzil,0,10,10,10
10/22/2018 15:54:08,√ñzil,8,7,8,8,9,9,7,7,8,10,7,√ñzil,6,9,6,5
10/22/2018 15:54:11,√ñzil,8,6,7,7,9,9,7,6,8,10,8,√ñzil,2,9,8,7
10/22/2018 15:54:11,√ñzil,6,6,7,5,8,6,6,5,8,10,6,√ñzil,5,7,6,6
10/22/2018 15:54:21,√ñzil,8,6,7,6,9,8,7,4,8,10,6,√ñzil,,10,8,5
10/22/2018 15:54:24,√ñzil,7,8,8,8,8,8,9,8,8,10,10,√ñzil,10,10,7,7
10/22/2018 15:54:32,√ñzil,6,5,6,6,9,7,6,6,8,10,6,√ñzil,7,9,7,6
10/22/2018 15:54:33,√ñzil,9,7,9,8,9,9,6,6,8,10,8,√ñzil,8,9,8,7
10/22/2018 15:54:34,√ñzil,9,6,7,6,8,9,7,6,7,8,5,√ñzil,0,10,8,0
10/22/2018 15:54:37,√ñzil,7,7,6,7,9,7,6,6,8,10,7,√ñzil,5,9,7,6
10/22/2018 15:54:40,√ñzil,8,6,7,5,9,8,8,4,7,10,6,√ñzil,2,9,7,5
10/22/2018 15:54:45,√ñzil,9,9,9,8,10,10,10,10,10,10,10,√ñzil,8,10,10,10
10/22/2018 15:54:55,√ñzil,6,7,7,7,9,10,8,7,8,10,7,√ñzil,6,10,8,5
10/22/2018 15:54:56,√ñzil,8,,,,9,,,,,9,,√ñzil,,9,,
10/22/2018 15:54:58,√ñzil,8,6,7,7,7,8,6,6,9,9,8,√ñzil,6,9,7,6
10/22/2018 15:54:59,√ñzil,7,6,7,6,8,8,6,5,8,10,8,√ñzil,5,7,8,5
10/22/2018 15:55:00,√ñzil,7,6,7,7,8,8,6,7,9,10,7,√ñzil,8,8,7,7
10/22/2018 15:55:04,√ñzil,7,6,7,6,9,8,7,6,9,10,7,√ñzil,5,9,7,6
10/22/2018 15:55:27,√ñzil,7,6,6,4,6,6,5,6,9,10,7,√ñzil,5,9,7,5
10/22/2018 15:55:31,√ñzil,8,7,5,6,8,7,7,5,8,10,8,√ñzil,,9,7,6
10/22/2018 15:55:33,√ñzil,8,7,8,7,9,8,7,5,7,10,7,√ñzil,6,10,7,7
10/22/2018 15:55:34,√ñzil,7,6,6,4,6,6,5,6,9,10,7,√ñzil,5,9,7,5
10/22/2018 15:55:40,√ñzil,,,,,,,,,,,,,,,,
10/22/2018 15:55:42,√ñzil,8,6,7,6,8,9,8,6,8,10,8,√ñzil,1,10,8,7
10/22/2018 15:55:42,√ñzil,7,6,6,7,8,8,5,5,7,10,7,√ñzil,8,8,7,6
10/22/2018 15:55:48,√ñzil,8,5,7,8,10,7,6,5,8,10,8,√ñzil,9,10,8,6
10/22/2018 15:55:50,√ñzil,8,6,7,7,8,8,8,6,9,10,7,√ñzil,4,9,8,7
10/22/2018 15:55:51,√ñzil,7,5,7,6,7,7,7,5,8,10,7,√ñzil,5,10,6,5
10/22/2018 15:55:52,√ñzil,8,6,9,8,8,9,8,7,9,10,9,√ñzil,0,9,8,6
10/22/2018 15:55:54,√ñzil,7,7,8,5,8,8,6,6,7,9,8,√ñzil,6,9,7,6
10/22/2018 15:56:18,√ñzil,7,5,7,6,7,7,7,5,7,10,7,√ñzil,6,9,7,7
10/22/2018 15:56:19,√ñzil,10,9,9,9,10,9,9,7,9,10,10,√ñzil,8,10,9,8
10/22/2018 15:56:22,√ñzil,7,5,7,6,7,7,7,5,7,10,7,√ñzil,6,9,7,7
10/22/2018 15:56:26,√ñzil,,,,,8,,,,7,10,,√ñzil,,9,,
10/22/2018 15:56:28,√ñzil,9,6,8,7,9,8,8,7,8,10,8,√ñzil,8,9,8,7
10/22/2018 15:56:29,√ñzil,8,7,7,7,9,10,8,7,10,10,9,√ñzil,,10,9,8
10/22/2018 15:56:30,√ñzil,9,6,8,6,8,10,7,5,9,10,7,√ñzil,,10,8,6
10/22/2018 15:56:33,√ñzil,8,,,,7,7,7,7,8,9,7,√ñzil,2,8,8,7
10/22/2018 15:56:37,√ñzil,9,8,8,8,10,9,9,7,9,10,9,√ñzil,8,9,8,7
10/22/2018 15:56:42,√ñzil,8,6,10,7,7,9,9,6,9,10,7,√ñzil,2,9,8,5
10/22/2018 15:56:47,√ñzil,9,6,7,7,8,9,7,6,8,10,8,√ñzil,7,9,8,7
10/22/2018 15:56:53,√ñzil,8,6,7,5,8,8,7,5,8,9,8,√ñzil,7,8,7,6
10/22/2018 15:57:07,√ñzil,8,7,7,7,8,9,9,6,8,10,9,√ñzil,8,10,8,7
10/22/2018 15:57:29,√ñzil,7,5,7,7,9,8,7,7,10,10,8,Iwobi,5,9,8,7
10/22/2018 15:57:40,√ñzil,8,6,7,7,8,9,6,6,9,10,7,√ñzil,3,8,8,6
10/22/2018 15:57:43,√ñzil,6,2,5,3,6,6,4,4,7,10,8,√ñzil,5,8,6,4
10/22/2018 15:57:45,√ñzil,8,7,8,7,9,9,9,7,10,10,8,√ñzil,8,10,8,7
10/22/2018 15:57:47,√ñzil,6,6,6,7,5,8,7,5,6,9,8,,7,8,7,7
10/22/2018 15:57:49,√ñzil,6,5,7,7,9,7,8,6,7,10,6,√ñzil,5,8,6,7
10/22/2018 15:57:50,√ñzil,8,6,8,7,8,8,7,7,8,10,8,√ñzil,4,9,7,5
10/22/2018 15:57:51,√ñzil,6,6,7,6,8,7,8,6,9,10,8,√ñzil,6,8,7,6
10/22/2018 15:57:52,√ñzil,8,6,8,7,9,9,7,6,9,10,8,,4,9,7,6
10/22/2018 15:57:58,√ñzil,7,6,7,7,7,8,8,5,9,10,7,√ñzil,5,8,7,6
10/22/2018 15:58:18,√ñzil,6,4,7,6,7,8,5,5,8,9,5,√ñzil,7,8,6,5
10/22/2018 15:58:32,√ñzil,8,7,7,7,8,8,7,6,8,10,7,√ñzil,7,8,8,6
10/22/2018 15:58:38,√ñzil,8,6,8,7,8,8,7,7,8,10,7,√ñzil,7,9,7,6
10/22/2018 15:58:43,√ñzil,,,,,,,,,,,,,,,,
10/22/2018 15:58:43,√ñzil,9,6,7,8,9,8,8,7,8,10,8,√ñzil,9,9,8,7
10/22/2018 15:58:44,√ñzil,8,6,7,7,8,10,8,6,8,10,7,√ñzil,6,9,7,6
10/22/2018 15:58:48,√ñzil,7,6,6,6,7,7,7,5,6,10,7,√ñzil,6,8,6,6
10/22/2018 15:58:49,√ñzil,8,6,7,6,9,9,8,7,9,10,6,√ñzil,6,7,7,7
10/22/2018 15:58:55,√ñzil,7,5,6,6,8,6,6,4,8,9,5,√ñzil,5,8,6,6
10/22/2018 15:58:57,√ñzil,9,7,8,6,9,9,8,6,8,9,7,,7,9,8,7
10/22/2018 15:58:58,√ñzil,8,6,7,7,9,9,8,7,9,10,7,√ñzil,6,9,8,8
10/22/2018 15:59:12,√ñzil,7,5,6,7,7,8,7,7,9,10,7,√ñzil,5,9,8,7
10/22/2018 15:59:15,√ñzil,7,5,7,6,8,8,7,5,9,10,6,√ñzil,6,8,7,6
10/22/2018 15:59:20,√ñzil,8,6,7,6,9,9,8,6,9,10,7,√ñzil,5,9,8,6
10/22/2018 15:59:39,√ñzil,9,8,9,7,9,10,8,7,8,10,7,√ñzil,4,9,8,7
10/22/2018 15:59:49,√ñzil,8,7,7,7,7,8,7,6,9,9,6,Iwobi,5,9,6,6
10/22/2018 15:59:51,√ñzil,9,4,7,7,9,9,7,6,9,10,7,√ñzil,6,8,7,6
10/22/2018 16:00:01,√ñzil,8,7,7,6,8,8,7,6,8,10,7,√ñzil,7,9,8,7
10/22/2018 16:00:07,√ñzil,8,7,7,7,9,9,7,6,9,10,8,√ñzil,3,9,8,7
10/22/2018 16:00:13,√ñzil,6,5,6,5,9,7,6,6,7,9,6,√ñzil,6,8,6,5
10/22/2018 16:00:32,√ñzil,7,7,7,7,9,9,8,6,9,10,8,√ñzil,10,9,8,7
10/22/2018 16:00:41,√ñzil,7,7,7,8,9,8,7,6,7,10,6,,5,8,7,6
10/22/2018 16:00:45,√ñzil,8,5,6,4,7,7,7,5,8,10,7,√ñzil,1,9,7,6
10/22/2018 16:00:47,√ñzil,6,7,7,7,9,8,7,7,9,10,8,√ñzil,8,9,8,7
10/22/2018 16:00:50,√ñzil,7,7,7,6,8,8,7,7,8,10,7,√ñzil,,9,8,6
10/22/2018 16:01:15,√ñzil,7,7,7,7,7,8,7,7,8,10,7,√ñzil,8,9,7,6
10/22/2018 16:01:19,√ñzil,7,7,8,6,9,8,8,7,8,10,7,√ñzil,8,10,8,6
10/22/2018 16:01:35,√ñzil,7,6,8,7,9,7,8,6,7,10,8,√ñzil,6,8,7,6
10/22/2018 16:01:51,√ñzil,8,6,6,6,7,9,6,6,8,9,7,√ñzil,4,10,8,6
10/22/2018 16:01:52,√ñzil,7,6,7,7,7,10,7,5,7,10,8,√ñzil,7,10,6,5
10/22/2018 16:02:12,√ñzil,7,4,7,6,8,6,6,5,8,9,6,√ñzil,6,8,7,7
10/22/2018 16:02:13,√ñzil,8,6,7,6,8,8,8,6,9,10,7,√ñzil,5,8,7,6
10/22/2018 16:02:23,√ñzil,7,7,7,7,7,7,8,7,8,9,7,√ñzil,6,8,,7
10/22/2018 16:02:48,√ñzil,8,7,7,6,6,8,7,6,9,10,7,√ñzil,8,10,7,7
10/22/2018 16:03:07,√ñzil,6,5,6,6,7,7,7,4,8,10,8,√ñzil,,9,6,5
10/22/2018 16:03:10,√ñzil,7,7,7,7,8,9,8,6,8,10,6,√ñzil,7,9,7,6
10/22/2018 16:03:15,√ñzil,9,7,8,6,8,9,8,7,8,10,6,√ñzil,4,10,8,7
10/22/2018 16:03:23,√ñzil,9,8,8,8,8,8,7,6,9,10,8,√ñzil,9,9,7,7
10/22/2018 16:03:37,√ñzil,7,7,7,7,8,7,6,7,7,9,7,,8,8,6,6
10/22/2018 16:03:45,√ñzil,7,6,7,6,9,9,7,6,8,10,7,√ñzil,6,10,8,6
10/22/2018 16:04:14,√ñzil,8,6,6,4,7,7,7,6,8,10,7,√ñzil,4,9,7,
10/22/2018 16:04:33,√ñzil,9,7,8,5,8,10,8,5,9,10,9,√ñzil,5,10,6,7
10/22/2018 16:04:33,√ñzil,8,7,8,7,9,9,8,6,8,10,7,√ñzil,6,10,7,6
10/22/2018 16:04:36,√ñzil,8,6,7,7,9,8,8,6,9,10,6,√ñzil,4,10,8,7
10/22/2018 16:04:37,√ñzil,7,3,7,5,10,6,8,5,7,9,7,Beller√≠n,7,9,8,7
10/22/2018 16:04:52,√ñzil,7,5,8,5,8,9,7,6,10,10,7,√ñzil,7,10,8,5
10/22/2018 16:05:14,√ñzil,9,9,8,8,9,9,7,7,9,10,8,√ñzil,6,10,6,6
10/22/2018 16:05:17,√ñzil,8,7,6,7,7,7,7,6,7,9,8,√ñzil,7,9,8,6
10/22/2018 16:05:18,√ñzil,9,8,9,9,8,9,9,7,9,10,8,√ñzil,6,10,8,8
10/22/2018 16:06:05,√ñzil,7,7,7,7,9,9,8,8,9,10,7,√ñzil,6,9,8,6
10/22/2018 16:06:10,√ñzil,8,7,6,5,8,8,7,6,9,10,8,√ñzil,5,9,7,6
10/22/2018 16:06:17,√ñzil,9,6,8,7,10,8,6,7,9,9,8,Beller√≠n,,10,9,7
10/22/2018 16:06:43,√ñzil,8,7,7,7,7,8,7,6,8,9,6,√ñzil,7,8,7,7
10/22/2018 16:07:54,√ñzil,9,6,7,7,9,9,8,6,8,10,7,√ñzil,6,10,7,7
10/22/2018 16:08:51,√ñzil,9,8,8,8,9,10,9,7,9,10,9,√ñzil,6,10,8,7
10/22/2018 16:09:39,√ñzil,8,7,8,7,9,9,7,7,8,10,7,√ñzil,3,10,7,6
10/22/2018 16:10:33,√ñzil,10,7,10,9,9,10,9,6,8,10,8,Torreira,7,9,9,6
10/22/2018 16:11:22,√ñzil,9,7,8,7,9,9,8,6,9,10,8,,6,10,8,7
10/22/2018 16:13:22,√ñzil,7,6,6,4,8,8,6,7,9,10,7,√ñzil,0,8,6,6
10/22/2018 16:12:08,√ñzil,8,6,7,7,7,8,8,7,9,10,6,√ñzil,6,8,7,7
10/22/2018 16:12:51,√ñzil,8,7,8,7,9,9,9,7,9,10,8,√ñzil,3,8,6,4
10/22/2018 16:13:23,√ñzil,9,5,7,7,8,9,8,7,8,10,7,√ñzil,3,8,7,6
10/22/2018 16:14:10,√ñzil,7,6,6,6,8,7,7,5,8,8,7,√ñzil,6,7,7,5
10/22/2018 16:15:33,√ñzil,8,7,8,7,9,9,9,6,9,10,7,√ñzil,7,9,8,7
10/22/2018 16:15:36,√ñzil,9,5,7,6,8,9,7,3,9,10,8,√ñzil,7,10,7,5
10/22/2018 16:15:44,√ñzil,8,6,7,6,9,7,5,5,8,10,8,√ñzil,7,10,8,6
10/22/2018 16:15:54,√ñzil,9,7,8,8,8,9,8,6,8,10,7,√ñzil,0,10,8,7
10/22/2018 16:16:15,√ñzil,8,5,7,7,8,9,7,5,8,10,7,√ñzil,7,10,8,6
10/22/2018 16:16:15,√ñzil,8,6,8,6,9,9,7,6,10,10,7,√ñzil,6,9,8,7
10/22/2018 16:16:47,√ñzil,6,6,6,6,8,9,7,6,7,10,6,√ñzil,,8,7,5
10/22/2018 16:16:57,√ñzil,8,4,7,7,8,9,7,4,8,10,7,√ñzil,5,10,7,7
10/22/2018 16:17:30,√ñzil,9,8,8,7,8,9,8,7,9,10,8,√ñzil,5,9,8,6
10/22/2018 16:17:44,√ñzil,7,7,8,8,9,8,8,8,10,10,9,√ñzil,3,10,7,7
10/22/2018 16:17:54,√ñzil,8,6,8,7,8,9,7,6,8,10,7,√ñzil,6,9,7,6
10/22/2018 16:18:16,√ñzil,7,6,6,6,8,8,7,5,8,10,6,√ñzil,4,10,8,7
10/22/2018 16:19:09,√ñzil,9,5,6,6,7,8,7,5,7,10,6,√ñzil,5,8,7,6
10/22/2018 16:19:15,√ñzil,8,6,7,5,8,9,5,5,8,10,8,√ñzil,8,9,8,7
10/22/2018 16:19:20,√ñzil,8,7,8,6,8,9,5,6,9,9,8,√ñzil,5,8,7,6
10/22/2018 16:19:23,√ñzil,8,6,7,7,9,9,8,6,8,9,8,√ñzil,7,9,6,6
10/22/2018 16:19:54,√ñzil,8,7,7,6,7,9,8,7,7,10,8,√ñzil,8,10,7,8
10/22/2018 16:20:02,√ñzil,8,8,8,7,9,9,8,7,9,10,8,,4,10,9,8
10/22/2018 16:20:39,√ñzil,9,7,7,6,9,9,7,6,8,10,7,√ñzil,4,10,8,5
10/22/2018 16:20:51,√ñzil,8,7,8,7,6,7,6,6,8,10,7,√ñzil,5,9,7,7
10/22/2018 16:21:05,√ñzil,8,8,7,8,9,8,8,7,9,10,8,√ñzil,6,10,7,6
10/22/2018 16:21:05,√ñzil,8,5,7,4,8,9,7,6,8,10,7,√ñzil,4,9,8,7
10/22/2018 16:21:06,√ñzil,7,6,7,7,9,7,6,6,8,10,5,√ñzil,6,10,7,6
10/22/2018 16:21:48,√ñzil,8,7,9,8,9,9,8,7,9,10,9,√ñzil,6,9,8,7
10/22/2018 16:21:51,√ñzil,8,7,9,8,9,9,8,7,9,10,9,√ñzil,6,9,8,7
10/22/2018 16:22:52,√ñzil,,,,,,,,,,10,,√ñzil,,,,
10/22/2018 16:23:02,√ñzil,9,6,7,4,8,9,8,6,10,10,6,√ñzil,4,10,8,5
10/22/2018 16:23:23,√ñzil,7,7,7,7,9,8,7,6,8,9,7,√ñzil,7,9,8,6
10/22/2018 16:24:04,√ñzil,8,7,8,8,9,9,8,7,9,10,8,√ñzil,6,9,7,7
10/22/2018 16:24:26,√ñzil,8,8,7,6,9,9,8,8,9,10,7,√ñzil,8,9,8,7
10/22/2018 16:24:56,√ñzil,7,4,7,7,8,9,7,6,10,10,7,√ñzil,6,9,7,6
10/22/2018 16:25:05,√ñzil,7,6,7,6,8,8,8,6,8,10,7,√ñzil,6,8,6,5
10/22/2018 16:27:42,√ñzil,7,6,7,6,7,7,7,6,8,10,7,,,9,6,5
10/22/2018 16:28:09,√ñzil,8,6,8,7,7,9,7,7,9,10,7,√ñzil,5,9,8,6
10/22/2018 16:28:18,√ñzil,7,6,7,7,9,9,8,6,9,10,8,√ñzil,6,9,7,6
10/22/2018 16:28:19,√ñzil,,,,,10,,10,,10,10,,,0,10,,
10/22/2018 16:28:35,√ñzil,9,6,8,8,9,9,8,7,9,10,9,√ñzil,6,9,8,7
10/22/2018 16:28:53,√ñzil,7,6,7,7,9,9,8,6,9,10,8,√ñzil,6,9,7,6
10/22/2018 16:29:09,√ñzil,8,7,7,8,9,9,8,7,9,10,7,√ñzil,10,9,7,7
10/22/2018 16:29:28,√ñzil,,,,,,,,,,,,,,,,
10/22/2018 16:31:18,√ñzil,,,,,,,,,,,,,,,,
10/22/2018 16:31:33,√ñzil,7,4,7,7,7,7,7,5,8,9,6,Iwobi,4,8,7,5
10/22/2018 16:31:52,√ñzil,9,7,8,7,9,8,7,7,8,10,7,,8,9,7,7
10/22/2018 16:31:57,√ñzil,7,6,7,8,9,8,7,6,8,10,7,√ñzil,5,10,7,6
10/22/2018 16:32:22,√ñzil,9,6,8,8,8,9,5,6,8,10,6,√ñzil,5,9,7,6
10/22/2018 16:32:34,√ñzil,8,7,8,7,8,9,8,7,8,10,8,√ñzil,7,9,8,7
10/22/2018 16:32:40,√ñzil,7,6,7,5,7,8,6,6,7,10,7,√ñzil,7,9,8,6
10/22/2018 16:34:05,√ñzil,7,5,6,6,7,7,7,6,7,9,6,√ñzil,,8,,
10/22/2018 16:35:38,√ñzil,8,6,7,6,7,7,7,5,6,9,8,√ñzil,5,8,7,6
10/22/2018 16:36:15,√ñzil,8,5,8,6,8,8,8,6,9,10,8,√ñzil,5,9,8,5
10/22/2018 16:36:21,√ñzil,8,7,9,8,10,9,8,7,9,10,8,√ñzil,2,9,7,6
10/22/2018 16:37:26,√ñzil,8,7,8,7,10,9,8,7,8,10,7,√ñzil,6,9,7,6
10/22/2018 16:38:15,√ñzil,8,5,7,7,9,9,6,6,8,10,8,√ñzil,6,9,7,5
10/22/2018 16:39:18,√ñzil,8,7,8,8,9,9,8,6,9,10,7,√ñzil,8,10,8,6
10/22/2018 16:39:25,√ñzil,8,6,9,7,8,8,8,6,7,10,7,√ñzil,6,9,8,
10/22/2018 16:40:16,√ñzil,9,7,8,8,8,9,8,7,9,10,7,√ñzil,5,10,7,
10/22/2018 16:40:22,√ñzil,9,6,7,7,8,8,8,7,9,10,7,√ñzil,5,10,8,8
10/22/2018 16:40:57,√ñzil,7,6,7,6,8,9,7,5,9,10,7,√ñzil,5,9,7,6
10/22/2018 16:40:58,√ñzil,9,5,7,5,7,9,6,4,9,10,7,√ñzil,3,9,7,5
10/22/2018 16:41:06,√ñzil,8,7,7,7,8,8,8,7,9,10,8,√ñzil,4,9,8,6
10/22/2018 16:41:10,√ñzil,8,6,9,7,9,10,8,7,10,10,9,√ñzil,7,10,7,6
10/22/2018 16:41:37,√ñzil,8,6,6,7,8,8,7,4,7,10,8,√ñzil,5,9,7,5
10/22/2018 16:42:36,√ñzil,8,6,7,7,8,9,6,6,7,10,8,√ñzil,5,9,7,6
10/22/2018 16:43:25,√ñzil,7,6,7,7,8,8,7,5,7,9,7,,7,8,7,6
10/22/2018 16:43:32,√ñzil,8,6,7,6,8,8,6,6,9,10,7,√ñzil,5,8,7,5
10/22/2018 16:44:05,√ñzil,9,7,8,7,9,10,6,6,8,10,8,√ñzil,8,9,8,7
10/22/2018 16:45:16,√ñzil,7,6,7,7,8,8,7,7,7,9,7,√ñzil,6,8,7,6
10/22/2018 16:45:56,√ñzil,8,8,8,8,10,9,8,7,10,10,7,Iwobi,6,9,8,7
10/22/2018 16:46:11,√ñzil,8,8,9,7,9,9,8,6,8,10,8,√ñzil,8,10,9,7
10/22/2018 16:46:24,√ñzil,7,6,7,6,8,7,7,6,8,10,7,,6,8,7,6
10/22/2018 16:47:32,√ñzil,7,5,7,7,7,10,9,4,9,10,6,,7,8,7,5
10/22/2018 16:47:42,√ñzil,7,6,8,6,8,8,8,7,8,10,7,√ñzil,5,8,7,7
10/22/2018 16:47:46,√ñzil,8,5,8,6,8,9,7,5,8,9,7,,6,8,7,5
10/22/2018 16:48:27,√ñzil,8,7,8,7,9,8,8,7,8,9,8,√ñzil,5,8,8,7
10/22/2018 16:49:15,√ñzil,8,5,7,7,9,8,7,5,8,10,6,√ñzil,6,9,7,5
10/22/2018 16:49:43,√ñzil,8,6,8,7,8,7,7,5,8,10,7,√ñzil,8,9,8,7
10/22/2018 16:50:01,√ñzil,9,5,9,7,8,10,9,6,8,10,6,√ñzil,7,10,9,7
10/22/2018 16:50:20,√ñzil,10,9,10,10,10,10,9,8,10,10,9,√ñzil,6,10,9,9
10/22/2018 16:50:28,√ñzil,8,6,8,7,8,9,8,6,8,10,8,√ñzil,7,9,7,5
10/22/2018 16:51:04,√ñzil,7,4,5,7,7,8,6,6,8,9,6,√ñzil,5,9,7,5
10/22/2018 16:51:19,√ñzil,8,5,8,7,7,8,8,6,9,9,7,√ñzil,7,8,7,6
10/22/2018 16:51:59,√ñzil,5,4,6,5,7,8,6,5,7,10,7,√ñzil,6,9,6,5
10/22/2018 16:52:01,√ñzil,7,6,7,6,8,6,7,7,8,10,8,√ñzil,7,9,7,6
10/22/2018 16:52:34,√ñzil,,,,,,,,,,,,,,,,
10/22/2018 16:53:02,√ñzil,7,5,7,6,8,7,7,5,9,10,6,√ñzil,6,8,7,5
10/22/2018 16:53:43,√ñzil,8,6,8,7,9,9,7,6,8,10,7,√ñzil,7,8,6,6
10/22/2018 16:57:38,√ñzil,8,6,7,7,8,9,6,5,8,10,8,√ñzil,8,9,7,6
10/22/2018 16:58:20,√ñzil,10,7,8,6,8,10,8,7,9,10,8,√ñzil,7,10,7,7
10/22/2018 17:00:04,√ñzil,9,7,8,8,9,9,8,7,9,10,8,√ñzil,7,10,8,6
10/22/2018 17:00:36,√ñzil,,,,,8,9,8,,9,10,8,√ñzil,,9,,
10/22/2018 17:01:43,√ñzil,8,6,7,6,8,8,6,6,7,9,6,√ñzil,7,9,6,6
10/22/2018 17:02:47,√ñzil,9,5,8,5,9,7,9,6,10,10,7,√ñzil,10,10,7,5
10/22/2018 17:04:31,√ñzil,8,6,7,6,7,8,7,7,9,10,7,√ñzil,5,8,7,6
10/22/2018 17:05:51,√ñzil,9,9,9,8,10,9,9,8,10,10,10,Iwobi,7,10,9,9
10/22/2018 17:10:00,√ñzil,7,6,6,6,8,9,8,6,9,10,7,√ñzil,5,8,9,6
10/22/2018 17:11:06,√ñzil,8,7,7,7,7,7,7,6,7,10,7,√ñzil,6,9,8,7
10/22/2018 17:11:35,√ñzil,8,6,7,6,8,8,6,6,8,10,7,√ñzil,7,8,7,6
10/22/2018 17:11:55,√ñzil,6,5,6,5,8,7,6,4,7,9,6,√ñzil,4,8,6,5
10/22/2018 17:12:53,√ñzil,7,6,7,5,8,7,7,7,7,9,7,√ñzil,7,8,6,6
10/22/2018 17:14:37,√ñzil,8,6,9,8,8,9,8,7,9,10,9,√ñzil,4,9,8,5
10/22/2018 17:15:56,√ñzil,7,6,8,5,9,9,8,6,8,10,7,√ñzil,2,9,7,6
10/22/2018 17:16:14,√ñzil,10,6,7,7,9,10,8,6,8,10,7,Torreira,8,10,8,8
10/22/2018 17:18:09,√ñzil,7,6,6,5,6,7,7,6,8,10,9,√ñzil,7,10,8,6
10/22/2018 17:23:03,√ñzil,,,,,,,,,,,,,,,,
10/22/2018 17:24:29,√ñzil,8,7,7,7,9,8,7,6,8,10,8,√ñzil,7,9,7,6
10/22/2018 17:24:41,√ñzil,8,4,10,8,9,9,8,7,9,10,8,√ñzil,7,10,9,7
10/22/2018 17:29:14,√ñzil,7,7,8,6,9,9,8,6,9,10,8,√ñzil,3,9,7,6
10/22/2018 17:30:55,√ñzil,,,,,,,,,,,,,,,,
10/22/2018 17:31:30,√ñzil,8,5,8,7,7,9,8,6,10,10,7,√ñzil,7,9,7,6
10/22/2018 17:34:59,√ñzil,9,6,8,8,9,8,8,7,9,10,7,√ñzil,5,8,7,6
10/22/2018 17:35:07,√ñzil,9,8,8,8,9,10,9,6,10,10,8,√ñzil,9,9,8,7
10/22/2018 17:36:32,√ñzil,8,8,8,7,9,8,8,8,9,10,9,√ñzil,4,10,7,6
10/22/2018 17:36:50,√ñzil,8,5,8,7,8,9,9,6,9,10,8,√ñzil,3,9,8,5
10/22/2018 17:37:42,√ñzil,8,6,8,5,7,8,7,6,7,10,7,√ñzil,4,8,6,5
10/22/2018 17:37:52,√ñzil,,,,,,,,,,,,,,,,
10/22/2018 17:40:42,√ñzil,8,4,8,6,9,10,7,6,9,10,8,,7,8,7,6
10/22/2018 17:46:01,√ñzil,8,6,7,7,9,9,8,7,9,10,8,√ñzil,6,9,7,7
10/22/2018 17:48:16,√ñzil,8,5,8,8,7,9,7,8,9,10,8,√ñzil,6,9,8,6
10/22/2018 17:50:56,√ñzil,8,6,8,7,9,9,8,7,9,10,8,√ñzil,5,9,7,6
10/22/2018 17:56:11,√ñzil,9,8,9,8,9,7,7,6,8,10,8,√ñzil,7,9,8,6
10/22/2018 17:58:06,√ñzil,8,5,7,6,7,8,7,5,7,10,7,√ñzil,5,9,7,6
10/22/2018 18:00:01,√ñzil,7,7,8,6,8,9,8,6,8,10,7,√ñzil,5,9,8,7
10/22/2018 18:00:43,√ñzil,8,5,8,7,9,7,7,6,8,10,6,√ñzil,6,10,7,6
10/22/2018 18:05:42,√ñzil,9,6,8,7,8,8,8,6,9,10,7,√ñzil,8,9,8,7
10/22/2018 18:13:32,√ñzil,9,6,9,7,9,9,8,6,9,10,8,√ñzil,7,9,8,8
10/22/2018 18:15:08,√ñzil,7,5,7,6,8,8,7,4,8,10,6,√ñzil,0,9,7,6
10/22/2018 18:16:32,√ñzil,8,6,8,7,9,8,8,6,8,10,7,√ñzil,5,9,7,6
10/22/2018 18:17:34,√ñzil,8,6,7,5,7,9,7,6,8,10,9,√ñzil,5,9,7,7
10/22/2018 18:19:30,√ñzil,6,5,7,6,7,8,7,5,7,10,7,√ñzil,10,8,6,6
10/22/2018 18:26:32,√ñzil,8,8,8,9,9,10,8,6,9,10,7,,,,10,
10/22/2018 18:29:09,√ñzil,8,6,7,7,9,8,8,7,9,10,8,√ñzil,4,9,9,8
10/22/2018 18:30:07,√ñzil,8,,7,5,9,9,,5,9,10,7,√ñzil,,,,
10/22/2018 18:34:20,√ñzil,,,,,,,,,,,,,,,,
10/22/2018 18:35:19,√ñzil,,,,,,,,,,10,,,,,,
10/22/2018 18:36:24,√ñzil,,,,,,,,,,10,,,,,,
10/22/2018 18:36:37,√ñzil,,,,,,,,,,,,,,,,
10/22/2018 18:41:55,√ñzil,8,7,7,6,8,8,7,7,8,9,6,√ñzil,6,8,7,6
10/22/2018 18:42:31,√ñzil,9,7,9,8,9,8,6,5,9,10,8,√ñzil,8,9,7,6
10/22/2018 18:45:08,√ñzil,9,5,7,7,8,9,7,7,8,10,7,√ñzil,8,9,7,5
10/22/2018 19:00:15,√ñzil,7,7,7,7,8,9,7,6,9,9,7,√ñzil,6,9,7,5
10/22/2018 19:11:30,√ñzil,8,6,8,7,9,8,7,7,8,10,7,√ñzil,7,9,7,7
10/22/2018 19:12:20,√ñzil,8,6,7,6,8,8,6,6,8,10,8,√ñzil,7,9,7,5
10/22/2018 19:16:14,√ñzil,,,,,,,,,,,,,,,,
10/22/2018 19:18:34,√ñzil,,,,,,,,,,,,,,,,
10/22/2018 19:29:36,√ñzil,8,6,7,5,8,9,8,6,8,10,7,√ñzil,6,10,8,6
10/22/2018 19:29:55,√ñzil,,,,,,,,,,,,,,,,
10/22/2018 19:30:12,√ñzil,6,6,7,6,7,7,6,6,8,10,8,√ñzil,6,8,6,5
10/22/2018 19:31:32,√ñzil,8,6,8,6,8,9,8,5,8,10,7,√ñzil,6,9,7,6
10/22/2018 19:40:50,√ñzil,,,,,,,,,,10,,√ñzil,10,8,,
10/22/2018 19:44:09,√ñzil,8,6,8,8,9,9,9,6,9,10,7,√ñzil,,10,8,6
10/22/2018 19:50:23,√ñzil,9,7,8,7,9,10,8,6,8,10,8,√ñzil,8,9,8,7
10/22/2018 19:51:13,√ñzil,8,7,7,6,8,8,7,6,7,10,8,√ñzil,7,8,7,5
10/22/2018 20:06:44,√ñzil,7,7,7,7,8,8,7,6,7,10,7,√ñzil,,9,7,6
10/22/2018 20:07:56,√ñzil,7,7,7,7,8,8,7,6,7,10,7,√ñzil,,9,7,6
10/22/2018 20:13:16,√ñzil,8,6,8,7,7,8,7,5,7,9,8,√ñzil,7,8,8,6
10/22/2018 20:19:06,√ñzil,8,6,8,7,9,8,7,6,8,10,7,√ñzil,7,9,7,6
10/22/2018 20:26:49,√ñzil,8,6,10,10,8,10,9,7,8,10,9,Torreira,8,10,9,8
10/22/2018 20:29:04,√ñzil,8,7,7,7,8,8,8,7,9,9,7,Iwobi,5,8,7,7
10/22/2018 20:34:28,√ñzil,7,7,7,5,9,8,6,5,8,10,6,√ñzil,5,9,6,6
10/22/2018 20:37:44,√ñzil,8,7,8,7,8,8,7,7,8,10,9,√ñzil,,10,9,8
10/22/2018 20:45:27,√ñzil,8,5,7,6,7,8,7,6,8,10,7,√ñzil,,9,7,6
10/22/2018 20:55:38,√ñzil,8,6,8,7,7,10,7,5,7,8,7,Torreira,6,9,8,7
10/22/2018 21:11:52,√ñzil,9,8,8,6,9,9,8,7,9,10,8,,0,9,8,8
10/22/2018 21:26:14,√ñzil,7,6,7,6,8,9,7,7,8,10,7,√ñzil,6,9,7,7
10/22/2018 21:27:09,√ñzil,7,5,7,7,8,7,6,5,9,10,8,√ñzil,5,9,7,6
10/22/2018 22:03:52,√ñzil,8,5,8,7,6,8,7,6,6,10,7,√ñzil,5,8,5,5
10/22/2018 22:10:17,√ñzil,7,5,6,6,8,8,7,6,7,9,5,√ñzil,6,8,6,6
10/22/2018 22:34:21,√ñzil,,,,,,,,,,,,,,,,
10/22/2018 22:40:57,√ñzil,8,6,7,7,7,8,7,6,8,10,7,√ñzil,6,8,7,6
10/22/2018 22:44:26,√ñzil,9,6,8,6,8,9,8,7,9,10,7,,7,8,7,6
10/22/2018 22:47:43,√ñzil,8,7,7,7,8,8,6,7,7,8,8,√ñzil,7,9,6,6
10/22/2018 22:48:52,√ñzil,8,7,9,8,9,10,9,8,8,10,9,√ñzil,7,10,8,6
10/22/2018 22:54:45,√ñzil,8,7,7,6,8,8,8,6,8,10,8,√ñzil,4,9,7,6
10/22/2018 22:57:32,√ñzil,8,7,7,6,8,8,8,6,8,10,8,√ñzil,4,9,7,6
10/22/2018 23:13:53,√ñzil,9,6,8,8,8,9,7,7,10,10,8,√ñzil,5,10,9,5
10/22/2018 23:15:05,√ñzil,9,6,8,8,8,9,7,7,10,10,8,√ñzil,5,10,9,5
10/22/2018 23:23:25,√ñzil,8,5,6,6,7,8,7,6,7,9,6,√ñzil,5,9,7,6
10/22/2018 23:41:28,√ñzil,9,7,7,6,7,9,8,5,9,10,8,√ñzil,2,10,9,7
10/23/2018 0:11:08,√ñzil,8,7,7,6,9,6,7,6,9,10,7,√ñzil,7,9,7,6
10/23/2018 0:22:07,√ñzil,8,5,7,6,8,8,8,6,8,10,7,√ñzil,6,10,7,6
10/23/2018 0:29:01,√ñzil,7,7,5,5,7,8,7,6,6,8,6,√ñzil,7,8,6,4
10/23/2018 0:31:41,√ñzil,8,7,7,7,9,7,7,5,9,10,7,√ñzil,3,10,7,7
10/23/2018 0:48:03,√ñzil,7,5,7,5,7,8,5,6,7,10,7,,7,8,7,5
10/23/2018 1:01:42,√ñzil,9,9,8,7,8,9,9,7,9,10,9,√ñzil,4,10,7,7
10/23/2018 1:24:38,√ñzil,10,5,9,6,10,10,8,6,9,10,9,√ñzil,3,9,7,5
10/23/2018 1:29:19,√ñzil,10,6,8,8,10,10,7,7,9,10,8,√ñzil,6,9,7,7
10/23/2018 1:46:34,√ñzil,7,6,7,7,8,8,8,7,8,9,7,√ñzil,6,8,7,6
10/23/2018 1:46:58,√ñzil,,,,,,,,,,,,,,,,
10/23/2018 1:49:07,√ñzil,7,7,8,7,9,9,7,6,9,10,7,√ñzil,,10,8,7
10/23/2018 1:58:29,√ñzil,7,6,7,7,8,7,7,6,7,10,7,√ñzil,7,9,7,6
10/23/2018 2:54:57,√ñzil,8,5,6,6,8,7,7,5,8,9,7,√ñzil,6,9,8,8
10/23/2018 2:55:39,√ñzil,8,6,7,7,8,9,8,6,8,10,7,√ñzil,5,9,6,6
10/23/2018 2:57:17,√ñzil,9,8,8,7,9,9,9,8,10,10,7,√ñzil,7,10,9,8
10/23/2018 3:01:21,√ñzil,7,6,7,6,8,8,8,6,8,9,7,√ñzil,6,8,7,6
10/23/2018 3:13:20,√ñzil,7,4,7,6,8,8,8,6,9,10,7,√ñzil,5,9,8,6
10/23/2018 3:15:07,√ñzil,9,7,9,7,10,10,9,7,10,10,9,√ñzil,8,9,8,6
10/23/2018 3:21:15,√ñzil,8,6,7,7,8,8,7,7,8,10,7,√ñzil,5,9,7,7
10/23/2018 3:22:12,√ñzil,8,7,7,7,8,8,7,7,8,10,7,√ñzil,5,9,7,7
10/23/2018 3:51:07,√ñzil,7,7,7,6,8,9,8,7,9,10,8,√ñzil,0,10,7,7
10/23/2018 4:10:09,√ñzil,8,6,6,7,9,8,7,6,9,10,8,√ñzil,8,9,7,6
10/23/2018 5:19:55,√ñzil,7,7,7,7,8,8,7,7,8,10,7,√ñzil,8,9,7,6
10/23/2018 5:31:51,√ñzil,7,6,7,7,8,7,7,7,8,9,6,√ñzil,5,8,7,7
10/23/2018 5:32:49,√ñzil,8,7,8,7,9,8,8,7,7,10,8,√ñzil,8,9,8,7
10/23/2018 6:42:34,√ñzil,8,6,7,6,8,9,6,6,8,10,8,√ñzil,7,8,7,6
,,,,,,,,,,,,,,,,,
,,7.85,6.23,7.31,6.63,8.20,8.34,7.34,6.16,8.30,9.81,7.33,,5.75,8.98,7.34,6.21