Timestamp,Who scored Arsenal's first goal?,Leno,Beller칤n,Mustafi,Sokratis,Holding,Kola코inac 游,Xhaka,Torreira,Mkhitaryan,Iwobi,Aubameyang 丘쬂잺,Man of the Match,Referee Craig Pawson,Guendouzi (on at 79'),Ramsey (on at 83'),Nketiah (on at 94')
11/25/2018 9:26:11,OG,10,6,6,8,7,7,5,8,0,5,6,Leno,0,5,4,5
11/25/2018 9:26:28,OG,7,7,6,8,7,7,7,7,4,6,7,Sokratis,3,6,6,6
11/25/2018 9:26:37,OG,8,7,4,6,7,8,6,7,5,7,7,Kola코inac,4,6,6,6
11/25/2018 9:26:52,OG,8,7,6,8,7,7,7,7,5,7,6,Sokratis,3,6,7,10
11/25/2018 9:26:54,OG,8,9,6,7,7,7,6,6,2,5,6,Beller칤n,2,5,5,10
11/25/2018 9:26:54,OG,8,7,6,8,7,7,7,7,5,7,6,Sokratis,3,6,7,10
11/25/2018 9:26:58,OG,8,7,5,8,7,8,7,7,3,6,7,Kola코inac,6,6,7,10
11/25/2018 9:27:14,OG,9,6,4,6,7,8,6,7,6,6,7,Leno,8,6,6,5
11/25/2018 9:27:18,OG,7,7,4,6,5,7,7,8,4,8,7,Iwobi,7,6,6,5
11/25/2018 9:27:31,OG,7,9,7,7,8,8,8,8,6,8,7,Beller칤n,7,7,7,5
11/25/2018 9:27:46,OG,9,8,2,7,7,6,5,7,0,5,6,Leno,3,6,5,6
11/25/2018 9:27:46,OG,10,9,5,10,8,9,9,10,5,8,8,Leno,10,9,8,10
11/25/2018 9:27:47,OG,8,7,5,6,6,6,6,7,6,7,7,Leno,6,6,6,6
11/25/2018 9:27:52,OG,5,10,8,6,7,8,6,6,5,5,7,Beller칤n,5,6,7,5
11/25/2018 9:27:55,OG,10,9,8,8,8,9,7,8,6,6,8,Leno,7,7,7,9
11/25/2018 9:27:58,OG,10,7,6,7,7,7,7,8,6,8,7,Leno,6,7,8,
11/25/2018 9:28:32,OG,8,9,7,8,7,9,9,9,5,9,9,Kola코inac,,,,
11/25/2018 9:28:34,OG,8,8,6,7,7,8,7,8,5,6,7,Aubameyang,6,7,7,7
11/25/2018 9:28:37,OG,10,10,5,5,5,5,4,5,0,8,6,Leno,5,5,5,10
11/25/2018 9:28:49,OG,8,7,4,6,7,8,7,7,4,8,7,Kola코inac,7,8,7,
11/25/2018 9:28:57,OG,7,6,5,7,6,8,7,8,5,6,7,Torreira,7,6,6,6
11/25/2018 9:29:14,OG,7,8,5,6,7,7,7,7,1,6,7,Beller칤n,5,5,5,10
11/25/2018 9:29:21,OG,7,8,4,8,7,6,6,7,4,6,6,Sokratis,8,6,6,10
11/25/2018 9:29:33,OG,7,8,6,7,6,6,5,7,3,5,5,Beller칤n,5,5,4,5
11/25/2018 9:29:32,OG,8,8,6,7,7,5,6,8,3,7,7,Torreira,5,10,0,10
11/25/2018 9:29:32,OG,8,7,7,7,7,8,6,7,6,7,8,Leno,6,6,6,6
11/25/2018 9:29:34,OG,7,7,6,8,7,9,7,8,6,8,8,Kola코inac,7,6,5,6
11/25/2018 9:29:37,OG,9,6,6,7,7,8,8,10,4,9,8,Torreira,3,6,8,
11/25/2018 9:29:49,OG,8,7,4,8,7,7,7,8,0,7,7,Sokratis,4,,6,6
11/25/2018 9:29:52,OG,10,8,7,8,7,6,6,4,2,5,7,Leno,5,6,6,6
11/25/2018 9:30:03,OG,8,7,6,7,8,8,6,7,5,8,8,Leno,6,6,7,5
11/25/2018 9:30:08,OG,7,7,4,8,7,6,7,8,2,6,7,Torreira,5,3,2,10
11/25/2018 9:30:10,OG,7,7,6,6,6,7,5,8,5,7,7,Torreira,6,6,6,6
11/25/2018 9:30:17,OG,7,7,5,9,7,6,6,8,4,5,6,Sokratis,6,5,5,5
11/25/2018 9:30:34,OG,9,7,6,7,7,8,8,9,5,7,7,Torreira,7,7,7,8
11/25/2018 9:30:47,OG,6,6,5,5,6,7,7,7,4,6,8,Aubameyang,6,6,5,5
11/25/2018 9:30:47,OG,7,7,5,5,7,7,7,8,6,7,8,Torreira,6,6,6,6
11/25/2018 9:31:00,OG,8,7,7,6,7,8,4,6,3,6,6,Leno,10,6,8,10
11/25/2018 9:31:26,OG,9,8,6,7,8,6,8,8,6,7,7,Leno,5,7,7,6
11/25/2018 9:32:06,OG,8,7,7,7,7,7,7,7,5,6,7,,7,6,6,6
11/25/2018 9:32:13,OG,7,6,5,6,6,7,7,7,0,4,6,Torreira,6,8,7,
11/25/2018 9:32:15,OG,7,7,6,6,7,8,7,8,0,7,6,Kola코inac,4,8,8,6
11/25/2018 9:32:21,OG,9,8,6,7,8,8,7,7,4,9,8,Iwobi,6,7,7,10
11/25/2018 9:32:26,OG,8,8,6,8,7,8,7,8,1,7,6,,8,7,7,10
11/25/2018 9:32:36,OG,7,,,,,,,,,,,,,,,
11/25/2018 9:32:38,OG,8,7,5,5,7,7,4,8,4,7,7,Holding,5,6,6,6
11/25/2018 9:32:41,OG,9,8,6,8,8,8,7,9,4,7,8,Torreira,7,8,8,10
11/25/2018 9:32:51,OG,,,,,,,,,,,,,,,,
11/25/2018 9:33:08,OG,10,10,10,10,10,10,10,10,10,10,10,Torreira,0,10,10,10
11/25/2018 9:33:14,OG,6,6,7,7,7,7,6,7,5,7,8,Aubameyang,6,6,6,5
11/25/2018 9:33:23,OG,6,6,6,7,7,6,5,7,4,6,6,Torreira,5,5,5,10
11/25/2018 9:33:32,OG,9,8,5,7,7,7,7,8,1,7,7,Iwobi,6,5,5,5
11/25/2018 9:33:35,OG,7,8,5,7,6,6,6,8,5,7,8,Torreira,7,6,6,5
11/25/2018 9:33:37,OG,8,7,6,7,7,8,7,8,6,7,7,Torreira,5,6,6,6
11/25/2018 9:34:10,OG,8,7,4,7,6,6,4,6,2,8,7,Iwobi,7,6,6,10
11/25/2018 9:34:23,OG,8,7,6,7,7,7,7,8,6,7,8,Aubameyang,6,6,5,5
11/25/2018 9:34:29,OG,,,,,,,,,,,,Leno,3,,,
11/25/2018 9:34:59,OG,8,7,5,6,5,6,6,8,5,5,7,Leno,5,7,4,10
11/25/2018 9:35:07,OG,8,7,9,7,7,8,7,9,1,8,5,Torreira,7,7,6,10
11/25/2018 9:35:17,OG,8,7,7,7,7,8,7,7,4,7,8,Aubameyang,8,7,7,7
11/25/2018 9:35:20,OG,8,7,6,6,6,7,6,7,4,5,7,Leno,7,5,5,5
11/25/2018 9:35:23,OG,9,8,4,7,7,8,5,7,2,5,7,Leno,7,5,5,5
11/25/2018 9:35:23,OG,,,,,,,,,,,,,,,,
11/25/2018 9:36:14,OG,8,7,5,6,7,7,5,8,3,6,7,Torreira,5,6,4,5
11/25/2018 9:36:17,OG,8,7,4,7,7,9,6,7,3,7,7,Kola코inac,8,6,6,10
11/25/2018 9:36:20,OG,9,9,6,7,8,7,5,5,2,4,6,Leno,7,5,5,5
11/25/2018 9:36:21,OG,9,7,7,8,8,9,7,8,5,6,9,Aubameyang,4,8,7,10
11/25/2018 9:36:51,OG,8,7,7,8,7,7,8,7,3,8,8,Iwobi,5,7,6,
11/25/2018 9:37:05,OG,7,7,6,7,7,6,7,7,6,6,6,Holding,5,5,5,5
11/25/2018 9:37:42,OG,9,8,7,7,7,8,7,7,4,6,8,Aubameyang,5,5,6,5
11/25/2018 9:38:21,OG,7,7,0,6,7,6,7,7,0,6,6,Leno,6,6,6,10
11/25/2018 9:38:38,OG,7,7,6,7,8,6,7,7,4,7,7,Holding,4,6,5,5
11/25/2018 9:38:51,OG,8,7,7,7,8,8,7,8,3,7,7,Leno,6,6,5,4
11/25/2018 9:38:51,OG,,,,,,,,,10,,,,,,,10
11/25/2018 9:39:10,OG,8,8,7,9,8,8,7,8,7,7,8,Sokratis,5,6,5,5
11/25/2018 9:39:12,OG,6,6,5,5,5,7,6,8,4,7,8,Torreira,0,6,5,10
11/25/2018 9:39:16,OG,9,8,7,3,7,8,5,6,2,6,7,Kola코inac,0,7,7,7
11/25/2018 9:39:52,OG,8,8,8,9,8,9,8,8,4,9,8,Iwobi,7,7,7,7
11/25/2018 9:40:08,OG,8,7,6,10,7,7,6,7,5,7,7,Sokratis,5,5,4,5
11/25/2018 9:40:15,OG,6,6,5,5,6,6,6,6,5,7,6,Iwobi,6,6,6,10
11/25/2018 9:40:33,OG,8,8,6,7,7,8,7,9,5,7,8,Torreira,0,7,6,5
11/25/2018 9:40:46,OG,8,8,6,7,6,7,9,8,3,8,6,Xhaka,9,5,5,6
11/25/2018 9:40:56,OG,8,7,7,9,8,8,5,8,2,7,8,Sokratis,8,5,5,6
11/25/2018 9:41:41,OG,7,6,6,7,7,7,6,7,5,8,7,Iwobi,6,6,6,0
11/25/2018 9:42:20,OG,9,8,4,8,7,6,6,9,1,7,7,Torreira,5,4,6,10
11/25/2018 9:42:51,OG,7,7,6,7,7,8,6,7,5,7,6,Kola코inac,8,7,6,8
11/25/2018 9:43:22,OG,8,7,7,6,8,7,6,8,6,8,7,Torreira,7,6,6,6
11/25/2018 9:44:05,OG,8,8,5,6,6,7,6,7,1,6,6,Leno,5,3,3,0
11/25/2018 9:44:14,OG,6,6,5,5,6,3,6,7,2,7,6,Torreira,5,5,7,5
11/25/2018 9:44:19,OG,8,8,6,7,8,6,6,6,1,5,7,Holding,5,5,4,5
11/25/2018 9:44:20,OG,8,7,5,6,7,8,6,7,6,7,8,Kola코inac,8,7,6,10
11/25/2018 9:44:49,OG,7,7,5,7,7,7,6,7,5,7,6,Iwobi,7,6,6,6
11/25/2018 9:45:11,OG,10,10,10,10,10,10,10,10,10,10,10,Mkhitaryan,10,10,10,10
11/25/2018 9:45:14,OG,8,7,6,6,6,8,6,7,5,7,6,Kola코inac,7,6,6,
11/25/2018 9:45:28,OG,,,,,,,,,,,,,,,,
11/25/2018 9:45:33,OG,7,7,5,6,6,7,7,8,3,6,6,Torreira,6,6,6,6
11/25/2018 9:45:40,OG,8,8,7,7,8,7,8,8,6,9,8,Iwobi,7,7,7,10
11/25/2018 9:46:08,OG,7,7,5,6,7,7,7,6,3,6,6,Leno,4,6,5,5
11/25/2018 9:46:17,OG,8,6,6,8,7,8,6,7,5,6,7,Sokratis,6,6,6,10
11/25/2018 9:47:10,OG,9,7,5,7,7,7,6,8,3,7,8,Leno,7,6,5,5
11/25/2018 9:47:23,OG,9,7,6,8,7,8,6,7,4,7,7,Leno,3,6,6,6
11/25/2018 9:49:00,OG,8,7,4,7,7,7,6,8,3,8,7,Iwobi,6,5,4,5
11/25/2018 9:50:35,OG,7,7,6,7,7,7,7,7,6,8,7,Iwobi,5,7,5,5
11/25/2018 9:50:43,OG,7,6,6,7,7,7,7,7,5,6,7,Holding,5,6,6,6
11/25/2018 9:51:35,OG,9,7,6,7,5,8,6,9,2,8,8,Leno,3,5,5,10
11/25/2018 9:51:51,OG,,,,,,,,,,,,,,,,
11/25/2018 9:52:03,OG,9,9,6,6,7,6,7,7,6,7,7,Leno,7,6,6,6
11/25/2018 9:52:31,OG,9,8,7,7,8,8,8,9,6,8,8,Torreira,7,8,8,7
11/25/2018 9:55:08,OG,7,5,5,5,6,6,6,6,5,6,6,Leno,,5,4,5
11/25/2018 9:57:17,OG,8,7,6,8,6,7,8,6,5,6,7,Sokratis,6,6,6,6
11/25/2018 9:58:09,OG,7,7,4,8,8,9,7,8,4,7,9,Kola코inac,,,,
11/25/2018 9:59:22,OG,9,8,5,8,8,8,8,9,6,9,8,Iwobi,8,6,6,5
11/25/2018 10:00:31,OG,8,7,7,7,7,8,6,7,6,6,6,Kola코inac,8,6,7,6
11/25/2018 10:00:57,OG,8,6,6,8,4,3,6,10,2,8,7,Torreira,7,5,5,10
11/25/2018 10:01:06,OG,7,7,6,6,7,8,7,7,2,6,7,Kola코inac,3,6,6,6
11/25/2018 10:02:16,OG,8,8,5,8,6,7,6,8,4,8,8,Kola코inac,5,5,4,5
11/25/2018 10:04:44,OG,8,7,5,5,5,6,6,6,5,6,6,Leno,5,5,5,10
11/25/2018 10:04:44,OG,8,8,6,7,7,7,6,7,4,5,6,Leno,3,6,6,6
11/25/2018 10:04:53,OG,9,8,5,8,7,8,8,9,3,8,8,Leno,6,7,6,5
11/25/2018 10:05:08,OG,,,,,,,,,,,,,,,,
11/25/2018 10:06:19,OG,9,8,6,8,7,7,7,8,5,6,6,Leno,6,7,7,10
11/25/2018 10:06:46,OG,9,8,7,8,8,9,8,8,7,8,8,Kola코inac,7,7,7,7
11/25/2018 10:07:29,OG,9,8,6,7,7,7,7,8,6,6,8,Leno,8,,,
11/25/2018 10:09:02,OG,,,,,,,,,,,,,,,,
11/25/2018 10:09:31,Monreal,,,,,,,,,,,,,,,,
11/25/2018 10:09:59,OG,7,8,6,7,7,7,6,5,5,4,8,Aubameyang,3,7,6,6
11/25/2018 10:10:53,OG,8,7,6,6,5,7,7,8,3,8,8,Leno,8,5,5,5
11/25/2018 10:12:07,OG,7,6,4,6,6,9,6,7,5,6,8,Kola코inac,3,7,5,5
11/25/2018 10:17:36,OG,8,8,6,7,7,6,7,7,3,7,7,Xhaka,5,6,6,10
11/25/2018 10:17:44,OG,8,7,4,6,6,6,6,5,5,6,6,Iwobi,7,6,6,6
11/25/2018 10:18:01,OG,7,6,6,7,7,7,7,8,0,7,8,Aubameyang,5,6,7,7
11/25/2018 10:18:41,OG,9,8,6,8,8,7,7,9,4,6,7,Torreira,6,5,5,5
11/25/2018 10:18:46,OG,9,8,6,8,7,8,7,7,5,7,7,,7,7,7,7
11/25/2018 10:19:57,OG,8,8,5,7,8,7,6,9,4,7,7,Torreira,5,5,5,5
11/25/2018 10:23:37,OG,8,7,6,6,6,7,6,6,5,6,6,Kola코inac,0,6,5,7
11/25/2018 10:25:10,OG,10,7,7,8,8,7,7,7,7,7,8,Leno,6,7,7,5
11/25/2018 10:25:47,OG,10,7,7,8,8,7,7,7,7,7,8,Leno,6,7,7,5
11/25/2018 10:27:00,OG,8,8,6,9,8,8,7,7,4,7,7,Sokratis,7,6,6,6
11/25/2018 10:28:05,OG,8,6,6,7,7,7,6,6,3,6,6,Leno,3,6,6,10
11/25/2018 10:28:36,OG,8,8,6,9,8,8,7,7,4,7,7,Sokratis,7,6,6,6
11/25/2018 10:28:57,OG,9,7,7,7,6,8,6,7,4,7,7,Leno,5,5,5,10
11/25/2018 10:29:26,OG,7,6,4,7,6,8,7,7,4,7,6,Kola코inac,5,5,5,10
11/25/2018 10:32:01,OG,7,7,5,6,7,7,8,8,7,8,8,Iwobi,6,7,7,8
11/25/2018 10:33:13,OG,8,8,7,7,7,9,7,8,6,7,8,Kola코inac,7,7,7,10
11/25/2018 10:33:32,OG,8,9,6,7,7,7,6,7,4,8,8,Leno,6,5,4,10
11/25/2018 10:34:52,OG,7,7,7,6,7,8,5,8,7,8,9,Torreira,8,7,7,10
11/25/2018 10:35:31,OG,9,7,7,7,7,8,7,7,2,9,9,Aubameyang,7,5,3,10
11/25/2018 10:35:47,OG,8,7,5,6,5,5,8,7,5,6,6,Xhaka,4,6,5,5
11/25/2018 10:37:01,OG,7,6,5,8,7,7,7,7,5,6,8,Leno,6,5,5,5
11/25/2018 10:37:23,OG,9,7,5,8,7,8,8,8,7,7,9,Torreira,4,5,5,10
11/25/2018 10:37:53,OG,9,8,7,8,7,7,6,9,4,7,7,Leno,7,6,6,10
11/25/2018 10:38:29,OG,6,6,6,6,8,7,6,6,2,7,7,,6,6,6,6
11/25/2018 10:42:09,OG,8,7,6,6,7,6,6,6,4,5,6,Leno,7,6,5,7
11/25/2018 10:45:20,OG,6,6,5,8,7,9,6,7,0,7,7,Sokratis,7,5,5,10
11/25/2018 10:45:51,OG,8,7,6,8,7,8,6,7,5,7,7,,6,7,5,5
11/25/2018 10:48:15,OG,,,,,,,,,,,,,,,,
11/25/2018 10:49:55,OG,7,7,6,7,7,7,8,7,3,5,7,Beller칤n,5,6,6,6
11/25/2018 10:51:07,OG,8,8,7,8,7,7,7,8,4,6,8,Sokratis,3,7,8,10
11/25/2018 10:54:08,OG,,,,,,,,,,,,,,,,
11/25/2018 10:54:22,OG,10,8,6,8,7,7,6,6,8,6,8,Leno,5,6,2,3
11/25/2018 10:57:08,OG,8,7,6,6,7,7,7,9,5,7,6,Torreira,2,4,6,10
11/25/2018 10:57:59,OG,8,8,6,7,7,7,7,8,3,6,7,Torreira,7,6,6,10
11/25/2018 10:58:24,OG,9,8,6,9,8,9,9,9,0,8,7,Xhaka,6,7,6,10
11/25/2018 10:58:39,OG,7,7,4,5,6,8,6,8,3,6,6,Kola코inac,2,6,6,10
11/25/2018 10:58:45,OG,9,7,6,7,7,7,8,9,5,7,5,Torreira,2,4,7,10
11/25/2018 10:59:01,OG,9,8,6,8,7,7,8,7,5,6,6,Beller칤n,8,6,6,6
11/25/2018 10:59:07,OG,,,,,,,,,,,,,,,,
11/25/2018 10:59:18,OG,7,7,6,6,6,7,6,8,7,8,7,Torreira,7,5,5,4
11/25/2018 11:00:18,OG,8,6,6,7,7,8,5,7,4,4,6,Kola코inac,6,7,7,8
11/25/2018 11:00:46,OG,9,8,7,8,8,9,8,9,5,8,8,Kola코inac,4,6,6,4
11/25/2018 11:03:14,OG,,,,,,,,,,,,,,,,
11/25/2018 11:03:42,OG,8,6,5,10,8,6,6,9,1,7,7,Sokratis,8,6,2,10
11/25/2018 11:05:27,OG,7,7,6,7,7,8,6,7,5,7,7,Kola코inac,7,7,7,10
11/25/2018 11:05:53,OG,6,6,5,5,6,6,5,6,0,7,6,Torreira,6,6,5,10
11/25/2018 11:08:38,OG,8,7,7,9,7,7,7,7,6,8,8,Sokratis,8,7,7,7
11/25/2018 11:15:28,OG,,,,,,,,,,,,,,,,
11/25/2018 11:15:59,OG,3,4,5,6,7,6,5,6,5,6,5,,5,5,4,3
11/25/2018 11:17:39,OG,7,6,5,8,7,6,6,7,4,6,7,Sokratis,5,6,6,6
11/25/2018 11:18:10,OG,7,6,5,8,7,6,6,7,4,6,7,Sokratis,5,6,6,6
11/25/2018 11:19:42,OG,8,7,6,7,8,8,6,8,0,7,6,Leno,9,6,6,6
11/25/2018 11:20:44,OG,7,7,7,7,7,5,6,8,2,7,8,Aubameyang,6,6,6,6
11/25/2018 11:21:18,OG,6,5,5,6,6,7,7,8,6,6,6,Torreira,0,5,5,5
11/25/2018 11:21:30,OG,6,5,5,6,6,7,7,8,6,6,6,Torreira,0,5,5,5
11/25/2018 11:23:40,OG,,,,,,,,,,,,,,,,
11/25/2018 11:24:04,OG,,,,,,,,,,,,,,,,
11/25/2018 11:27:15,OG,10,8,6,9,9,8,7,8,0,8,8,Leno,5,8,1,10
11/25/2018 11:27:26,OG,10,8,6,9,9,8,7,8,0,8,8,Leno,5,8,1,10
11/25/2018 11:30:01,OG,8,8,4,7,8,6,5,7,3,6,6,Holding,3,3,5,6
11/25/2018 11:30:41,OG,9,8,6,8,8,8,7,9,5,7,8,Leno,7,7,6,10
11/25/2018 11:32:56,OG,8,7,6,8,7,7,7,8,3,7,7,Sokratis,7,7,7,7
11/25/2018 11:33:34,OG,6,5,4,6,6,7,5,6,4,5,7,Kola코inac,4,5,6,5
11/25/2018 11:34:13,OG,8,6,5,6,7,7,7,8,6,7,7,Torreira,8,6,6,6
11/25/2018 11:36:01,OG,,,,,,,,,,,,,,,,
11/25/2018 11:38:45,OG,8,7,5,8,7,8,6,7,7,8,8,Iwobi,5,5,6,6
11/25/2018 11:45:34,OG,,,,,,,,,,,,,,,,
11/25/2018 11:52:01,OG,8,8,7,6,7,9,8,8,6,8,8,Kola코inac,7,7,7,
11/25/2018 11:56:23,OG,7,6,5,6,6,8,6,7,3,7,7,Kola코inac,5,6,6,6
11/25/2018 11:56:48,OG,8,7,6,8,7,7,6,8,5,6,7,Torreira,6,5,5,5
11/25/2018 11:57:37,OG,7,6,6,7,6,8,6,7,2,7,7,Kola코inac,5,6,6,6
11/25/2018 12:00:27,OG,8,8,6,9,8,7,8,7,5,7,7,Sokratis,,,,
11/25/2018 12:00:44,OG,8,8,6,9,8,7,8,7,5,7,7,Sokratis,,,,
11/25/2018 12:03:51,OG,8,7,6,7,7,8,8,9,5,7,7,Aubameyang,3,7,6,10
11/25/2018 12:10:21,OG,9,7,6,7,8,8,7,8,5,7,7,Leno,6,6,7,10
11/25/2018 12:10:34,OG,8,8,8,6,8,7,8,8,6,7,7,Holding,7,7,7,7
11/25/2018 12:11:20,OG,6,6,5,4,5,8,6,8,6,7,7,Torreira,5,5,6,5
11/25/2018 12:11:54,OG,7,6,6,7,7,6,6,8,4,6,6,Torreira,6,6,6,6
11/25/2018 12:14:41,OG,7,8,6,8,8,8,7,9,3,7,8,Aubameyang,3,6,6,6
11/25/2018 12:17:55,OG,7,7,6,6,8,7,6,8,4,7,6,Holding,5,5,5,5
11/25/2018 12:18:48,OG,7,6,5,7,7,8,7,9,5,6,7,Torreira,4,6,6,10
11/25/2018 12:25:37,OG,8,7,5,7,7,7,7,8,1,7,7,Iwobi,6,7,6,10
11/25/2018 12:29:08,OG,7,7,6,6,7,7,5,8,5,7,7,Torreira,8,6,6,6
11/25/2018 12:29:26,OG,7,7,7,5,6,8,8,8,7,9,9,Leno,6,6,6,6
11/25/2018 12:37:10,OG,10,8,7,9,9,9,9,10,2,8,8,Torreira,8,7,3,5
11/25/2018 12:39:09,OG,8,6,6,9,8,7,6,9,4,6,7,,7,6,6,6
11/25/2018 12:42:35,OG,,8,,,,9,,9,6,8,8,Kola코inac,,,6,
11/25/2018 12:47:17,OG,8,6,4,6,6,6,6,8,4,6,7,Torreira,5,5,5,10
11/25/2018 12:52:21,OG,7,7,6,6,7,7,7,8,4,7,7,Torreira,7,6,5,5
11/25/2018 12:52:48,OG,7,7,5,6,6,7,6,6,4,6,6,Leno,6,6,6,6
11/25/2018 12:57:21,OG,,,,,,,,,,,,,,,,
11/25/2018 12:57:51,OG,,,,,,,,,,,,,,,10,
11/25/2018 12:59:57,OG,7,7,5,6,7,6,6,6,1,8,6,,6,7,4,9
11/25/2018 13:28:59,OG,8,7,7,6,8,7,7,9,4,6,7,Torreira,7,6,6,6
11/25/2018 14:03:50,OG,7,6,5,7,7,7,7,8,6,6,7,Torreira,7,6,6,6
11/25/2018 14:10:47,OG,8,9,7,8,8,8,7,10,3,7,8,Torreira,6,7,7,10
11/25/2018 14:31:12,OG,7,8,5,6,7,7,7,8,6,7,7,Torreira,6,7,7,
11/25/2018 14:34:25,OG,7,8,8,8,7,7,8,10,3,6,9,Torreira,4,5,6,7
11/25/2018 14:36:40,OG,,,,,,,,,,,,,,,,
11/25/2018 14:59:01,OG,9,8,6,6,6,6,7,8,4,7,5,Torreira,5,7,6,
11/25/2018 15:00:09,OG,9,7,3,7,7,6,6,8,0,5,6,Leno,3,6,5,6
11/25/2018 15:04:49,OG,8,7,3,5,6,7,6,8,4,7,7,,,,,
11/25/2018 15:27:19,OG,7,7,6,9,8,8,7,10,4,7,7,Torreira,6,7,6,10
11/25/2018 15:36:20,OG,,,,,,,,,,,,,,,,10
11/25/2018 15:38:04,OG,8,7,5,7,6,8,7,8,5,6,8,Kola코inac,6,6,5,6
11/25/2018 15:38:12,OG,8,7,5,7,6,8,7,8,5,6,8,Kola코inac,6,6,5,6
11/25/2018 15:50:03,OG,8,6,5,7,7,7,7,8,3,8,7,Leno,5,7,5,10
11/25/2018 16:22:27,OG,7,8,6,5,7,7,7,8,3,6,7,Torreira,8,6,6,
11/25/2018 16:26:49,OG,7,7,7,7,7,8,6,8,5,6,7,Kola코inac,5,5,5,10
11/25/2018 16:38:09,OG,9,7,7,8,8,7,7,8,4,7,6,Leno,,,,
11/25/2018 17:52:30,OG,7,6,6,8,6,6,5,7,6,5,6,Leno,5,5,5,5
11/25/2018 18:23:35,OG,8,7,5,7,8,6,8,8,4,6,6,Leno,8,6,7,7
11/25/2018 18:42:21,OG,7,7,3,6,8,6,6,8,5,5,7,Torreira,6,5,5,5
11/25/2018 18:48:45,OG,10,8,7,9,9,9,8,9,6,7,9,Leno,2,5,5,10
11/25/2018 19:11:56,OG,8,7,6,6,6,5,6,8,5,6,6,Torreira,4,6,6,5
11/25/2018 19:30:08,OG,9,8,7,9,8,8,8,9,2,7,7,Torreira,6,6,3,10
11/25/2018 19:31:06,OG,9,8,7,9,8,8,8,9,2,7,7,Torreira,6,6,3,10
11/25/2018 20:11:34,OG,8,8,6,7,7,8,7,9,6,7,8,Torreira,7,6,6,6
11/25/2018 20:11:54,OG,,,,,,,,,,,,,,,,
11/25/2018 21:11:46,OG,,,,,,,,,,,,,,,,
11/25/2018 21:13:17,OG,,,,,,,,,,,,,,,,
11/25/2018 21:13:35,OG,,,,,,,,,,,,,,,,
11/25/2018 21:14:49,OG,7,7,6,7,6,5,5,7,4,5,7,Torreira,4,5,5,5
11/25/2018 21:30:35,OG,8,8,7,8,8,9,8,9,7,9,9,Iwobi,8,7,7,10
11/25/2018 21:34:33,OG,8,6,5,6,7,8,7,8,5,6,7,Torreira,8,5,5,5
11/25/2018 21:37:06,OG,8,9,8,8,8,9,8,9,6,9,9,Kola코inac,9,8,8,
11/25/2018 23:48:27,OG,6,6,7,7,6,7,7,8,4,6,7,Torreira,7,5,4,0
11/26/2018 0:17:13,OG,8,7,6,6,7,7,6,7,5,6,6,,3,6,6,6
11/26/2018 0:54:55,OG,8,8,8,8,8,8,8,8,5,7,7,Sokratis,7,7,6,10
11/26/2018 1:13:35,OG,7,6,8,8,8,8,6,9,4,7,7,Torreira,8,6,6,6
11/26/2018 1:27:12,OG,9,8,6,7,7,7,7,8,3,7,7,Leno,7,7,7,7
11/26/2018 1:48:20,OG,9,8,7,6,7,8,6,7,3,6,7,Leno,7,6,5,10
11/26/2018 1:49:19,OG,8,7,7,8,7,8,7,8,6,8,7,Kola코inac,6,5,5,5
11/26/2018 1:51:30,OG,9,8,7,6,7,8,6,7,3,6,8,Leno,7,6,6,10
11/26/2018 2:02:01,OG,7,6,5,6,6,6,7,8,4,6,7,Torreira,5,5,5,5
11/26/2018 2:49:12,OG,7,6,4,5,6,7,5,8,4,5,7,Torreira,5,5,5,5
,,,,,,,,,,,,,,,,,
,,7.88,7.21,5.81,7.05,7.01,7.27,6.64,7.64,4.12,6.76,7.09,,5.64,6.07,5.75,7.08